Workbook

Sheet Instructions
A1: SHEET: Variable_Map_Wide
A2: On this sheet users can modify the variables to harmonize. You need to review that equivalent variables in data versions are set in the same row and are given the same 'target_name'. 'target_name's can be modified as needed. The order can be changed as well. Variables unwanted in the harmonized data can be dropped (rows removed). A 'version 0' of the initial metadata is saved in the sheet 'Original:Metadata' for traceback purposes.
A3: CAUTION: Variables aligned by COLUMN POSITION. Verify that 'orig_w1' and 'orig_w2' actually correspond.
A4: NA
A5: SHEET: Factor_Levels
A6: CAUTION: Column C (target_name) is calculated automatically from target_name in 'Variable_Map_Wide'. Requires Excel 2021/365.
A7: LEGACY FIX: If showing #NAME?, replace formula with VLOOKUP, i.e. (european standard):
A8: =IFERROR(INDEX('Variable_Map_Wide'!$A:$A; MATCH(B2; 'Variable_Map_Wide'!$C:$C; 0)); INDEX('Variable_Map_Wide'!$A:$A; MATCH(B2; 'Variable_Map_Wide'!$D:$D; 0)))
A9: NA
A10: NA
A11: SHEET: Original_Metadata
A12: This sheet is only meant to leave a registry of the original structure of the data. Not for harmonization purposes.

Sheet Variable_Map_Wide
A1: target_name | B1: description | C1: orig_w1 | D1: orig_w2
A2: =INDEX([1]Variable_Map_Wide!$A:$A,MATCH(C2,[1]Variable_Map_Wide!$D:$D,0)) -> time_stamp | B2: Marca temporal | C2: marca_temporal | D2: marca_temporal
A3: id | B3: Dirección de correo electrónico (capturada por Google Forms) | C3: direccion_de_correo_electronico | D3: direccion_de_correo_electronico
A4: date_measure_day | B4: Fecha de la medición: DÍA | C4: follow_up_date_day | D4: fecha_del_seguimiento_dia
A5: date_measure_month | B5: Fecha de la medición: MES | C5: follow_up_date_month | D5: fecha_del_seguimiento_mes
A6: program | B6: Programa de Visión Natural | C6: who_is_your_natural_vision_teacher_or_which_program_are_you_enrolled_in | D6: quien_es_tu_profesor_a_de_vision_natural_o_en_que_programa_estas_inscrito_a
A7: arizona_routing | B7: ¿Puede leer la primera fila del Optotipo Arizona al menos a 1,5 metros o 5 pies? | C7: can_you_read_the_first_row_of_the_arizona_optotype_at_least_at_1_5_meters_or_5_feet | D7: puedes_leer_la_primera_fila_del_optotipo_arizona_al_menos_a_1_5_metros_o_5_pies
A8: arizona_unit | B8: Unidad de medida para la medición con el Optotipo Arizona | C8: indicate_the_unit_of_measurement_you_will_use | D8: indica_la_unidad_de_medida_que_vas_a_usar
A9: arizona_0_be | B9: Optotipo Arizona: ambos ojos, distancia mínima | C9: with_both_eyes_at_the_same_time | D9: con_ambos_ojos_al_mismo_tiempo
A10: arizona_0_re | B10: Optotipo Arizona: ojo derecho, distancia mínima | C10: only_with_the_right_eye_cover_your_left_eye_with_your_hand | D10: solo_con_el_ojo_derecho_tapa_con_tu_mano_el_ojo_izquierdo
A11: arizona_0_le | B11: Optotipo Arizona: ojo izquierdo, distancia mínima | C11: only_with_the_left_eye_cover_your_right_eye_with_your_hand | D11: solo_con_el_ojo_izquierdo_tapa_con_tu_mano_el_ojo_derecho
A12: arizona_0_notes | B12: Optotipo Artizona: comentarios sobre la medición a distancia mínima | C12: did_you_have_any_issues_or_comments_with_the_measurements | D12: tuviste_algun_problema_o_comentario_con_las_mediciones
A13: arizona_distance | B13: Distancia a la que se ha colocado el Optotipo Arizona | C13: at_what_distance_have_you_placed_the_arizona_optotype | D13: a_que_distancia_has_colocado_el_optotipo_arizona
A14: arizona_5_be | B14: Optotipo Arizona: ambos ojos a 5 pies / 1,5 metros | C14: with_both_eyes_at_the_same_time_at_5_feet_or_1_5_meters | D14: con_ambos_ojos_al_mismo_tiempo_a_5_pies_o_1_5_metros
... A42: comments | B42: Comentarios adicionales | C42: do_you_have_any_additional_comments_suggestions_or_observations_you_d_like_to_share | D42: tienes_algun_comentario_adicional_sugerencia_u_observacion_que_quieras_compartir

Sheet Factor_Levels
A1: wave | B1: original_variable | C1: target_name | D1: original_level | E1: standard_code | F1: standard_label
A2: orig_w1 | B2: at_what_distance_have_you_placed_the_arizona_optotype | C2: =_xlfn.IFNA(_xlfn.XLOOKUP(B2, Variable_Map_Wide!$C$2:$C$42, Variable_Map_Wide!$A$2:$A$42), _xlfn.XLOOKUP(B2, Variable_Map_Wide!$D$2:$D$42, Variable_Map_Wide!$A$2:$A$42)) -> arizona_distance | D2: At 1.5 meters or 5 feet | E2: 1 | F2: A 1,5 metros o 5 pies
A3: orig_w2 | B3: a_que_distancia_has_colocado_el_optotipo_arizona | C3: =_xlfn.IFNA(_xlfn.XLOOKUP(B3, Variable_Map_Wide!$C$2:$C$42, Variable_Map_Wide!$A$2:$A$42), _xlfn.XLOOKUP(B3, Variable_Map_Wide!$D$2:$D$42, Variable_Map_Wide!$A$2:$A$42)) -> arizona_distance | D3: A 1,5 metros o 5 pies | E3: 1 | F3: A 1,5 metros o 5 pies
A4: orig_w1 | B4: at_what_distance_have_you_placed_the_arizona_optotype | C4: =_xlfn.IFNA(_xlfn.XLOOKUP(B4, Variable_Map_Wide!$C$2:$C$42, Variable_Map_Wide!$A$2:$A$42), _xlfn.XLOOKUP(B4, Variable_Map_Wide!$D$2:$D$42, Variable_Map_Wide!$A$2:$A$42)) -> arizona_distance | D4: At 3 meters or 10 feet | E4: 2 | F4: A 3 metros o 10 pies
A5: orig_w2 | B5: a_que_distancia_has_colocado_el_optotipo_arizona | C5: =_xlfn.IFNA(_xlfn.XLOOKUP(B5, Variable_Map_Wide!$C$2:$C$42, Variable_Map_Wide!$A$2:$A$42), _xlfn.XLOOKUP(B5, Variable_Map_Wide!$D$2:$D$42, Variable_Map_Wide!$A$2:$A$42)) -> arizona_distance | D5: A 3 metros o 10 pies | E5: 2 | F5: A 3 metros o 10 pies
A6: orig_w1 | B6: can_you_read_the_first_row_of_the_arizona_optotype_at_least_at_1_5_meters_or_5_feet | C6: =_xlfn.IFNA(_xlfn.XLOOKUP(B6, Variable_Map_Wide!$C$2:$C$42, Variable_Map_Wide!$A$2:$A$42), _xlfn.XLOOKUP(B6, Variable_Map_Wide!$D$2:$D$42, Variable_Map_Wide!$A$2:$A$42)) -> arizona_routing | D6: No | E6: 1 | F6: No
A7: orig_w2 | B7: puedes_leer_la_primera_fila_del_optotipo_arizona_al_menos_a_1_5_metros_o_5_pies | C7: =_xlfn.IFNA(_xlfn.XLOOKUP(B7, Variable_Map_Wide!$C$2:$C$42, Variable_Map_Wide!$A$2:$A$42), _xlfn.XLOOKUP(B7, Variable_Map_Wide!$D$2:$D$42, Variable_Map_Wide!$A$2:$A$42)) -> arizona_routing | D7: No | E7: 1 | F7: No
A8: orig_w1 | B8: can_you_read_the_first_row_of_the_arizona_optotype_at_least_at_1_5_meters_or_5_feet | C8: =_xlfn.IFNA(_xlfn.XLOOKUP(B8, Variable_Map_Wide!$C$2:$C$42, Variable_Map_Wide!$A$2:$A$42), _xlfn.XLOOKUP(B8, Variable_Map_Wide!$D$2:$D$42, Variable_Map_Wide!$A$2:$A$42)) -> arizona_routing | D8: Yes | E8: 2 | F8: Sí
A9: orig_w2 | B9: puedes_leer_la_primera_fila_del_optotipo_arizona_al_menos_a_1_5_metros_o_5_pies | C9: =_xlfn.IFNA(_xlfn.XLOOKUP(B9, Variable_Map_Wide!$C$2:$C$42, Variable_Map_Wide!$A$2:$A$42), _xlfn.XLOOKUP(B9, Variable_Map_Wide!$D$2:$D$42, Variable_Map_Wide!$A$2:$A$42)) -> arizona_routing | D9: Sí | E9: 2 | F9: Sí
A10: orig_w1 | B10: indicate_the_unit_of_measurement_you_will_use | C10: =_xlfn.IFNA(_xlfn.XLOOKUP(B10, Variable_Map_Wide!$C$2:$C$42, Variable_Map_Wide!$A$2:$A$42), _xlfn.XLOOKUP(B10, Variable_Map_Wide!$D$2:$D$42, Variable_Map_Wide!$A$2:$A$42)) -> arizona_unit | D10: Centimeters | E10: 1 | F10: Centímetros
A11: orig_w2 | B11: indica_la_unidad_de_medida_que_vas_a_usar | C11: =_xlfn.IFNA(_xlfn.XLOOKUP(B11, Variable_Map_Wide!$C$2:$C$42, Variable_Map_Wide!$A$2:$A$42), _xlfn.XLOOKUP(B11, Variable_Map_Wide!$D$2:$D$42, Variable_Map_Wide!$A$2:$A$42)) -> arizona_unit | D11: Centímetros | E11: 1 | F11: Centímetros
A12: orig_w1 | B12: indicate_the_unit_of_measurement_you_will_use | C12: =_xlfn.IFNA(_xlfn.XLOOKUP(B12, Variable_Map_Wide!$C$2:$C$42, Variable_Map_Wide!$A$2:$A$42), _xlfn.XLOOKUP(B12, Variable_Map_Wide!$D$2:$D$42, Variable_Map_Wide!$A$2:$A$42)) -> arizona_unit | D12: Inches | E12: 2 | F12: Pulgadas
A13: orig_w1 | B13: follow_up_date_month | C13: =_xlfn.IFNA(_xlfn.XLOOKUP(B13, Variable_Map_Wide!$C$2:$C$42, Variable_Map_Wide!$A$2:$A$42), _xlfn.XLOOKUP(B13, Variable_Map_Wide!$D$2:$D$42, Variable_Map_Wide!$A$2:$A$42)) -> date_measure_month | D13: January | E13: 1 | F13: Enero
... A52: orig_w1 | B52: have_you_noticed_any_sudden_worsening_in_your_vision_since_the_last_follow_up | C52: =_xlfn.IFNA(_xlfn.XLOOKUP(B52, Variable_Map_Wide!$C$2:$C$42, Variable_Map_Wide!$A$2:$A$42), _xlfn.XLOOKUP(B52, Variable_Map_Wide!$D$2:$D$42, Variable_Map_Wide!$A$2:$A$42)) -> sudden_worsen | D52: Yes | E52: 2 | F52: Sí

Sheet Change_Log
A1: timestamp | B1: action | C1: match_strategy
A2: 2026-03-10 15:55:46.991995 | B2: INIT | C2: position

Sheet Original_Metadata
A1: target_name | B1: description | C1: orig_w1 | D1: orig_w2
A2: var_001 | C2: marca_temporal | D2: marca_temporal
A3: var_002 | C3: direccion_de_correo_electronico | D3: direccion_de_correo_electronico
A4: var_003 | C4: follow_up_date_day | D4: fecha_del_seguimiento_dia
A5: var_004 | C5: follow_up_date_month | D5: fecha_del_seguimiento_mes
A6: var_005 | C6: who_is_your_natural_vision_teacher_or_which_program_are_you_enrolled_in | D6: quien_es_tu_profesor_a_de_vision_natural_o_en_que_programa_estas_inscrito_a
A7: var_006 | C7: can_you_read_the_first_row_of_the_arizona_optotype_at_least_at_1_5_meters_or_5_feet | D7: puedes_leer_la_primera_fila_del_optotipo_arizona_al_menos_a_1_5_metros_o_5_pies
A8: var_007 | C8: indicate_the_unit_of_measurement_you_will_use | D8: indica_la_unidad_de_medida_que_vas_a_usar
A9: var_008 | C9: with_both_eyes_at_the_same_time | D9: con_ambos_ojos_al_mismo_tiempo
A10: var_009 | C10: only_with_the_right_eye_cover_your_left_eye_with_your_hand | D10: solo_con_el_ojo_derecho_tapa_con_tu_mano_el_ojo_izquierdo
A11: var_010 | C11: only_with_the_left_eye_cover_your_right_eye_with_your_hand | D11: solo_con_el_ojo_izquierdo_tapa_con_tu_mano_el_ojo_derecho
A12: var_011 | C12: did_you_have_any_issues_or_comments_with_the_measurements | D12: tuviste_algun_problema_o_comentario_con_las_mediciones
A13: var_012 | C13: at_what_distance_have_you_placed_the_arizona_optotype | D13: a_que_distancia_has_colocado_el_optotipo_arizona
... A42: var_041 | C42: do_you_have_any_additional_comments_suggestions_or_observations_you_d_like_to_share | D42: tienes_algun_comentario_adicional_sugerencia_u_observacion_que_quieras_compartir

Sheet Review_IDs
A1: index | B1: w2id | C1: best_match | D1: all_equal
A2: 1 | B2: gloriakower@gmail.com | C2: no best match found | D2: FALSE
A3: 2 | B3: onancyochoa@hotmail.com | C3: no best match found | D3: FALSE
A4: 3 | B4: yazminreyesor@gmail.com | C4: no best match found | D4: FALSE
A5: 4 | B5: vir.itaca@gmail.com | C5: no best match found | D5: FALSE
A6: 5 | B6: lfragoso578@gmail.com | C6: no best match found | D6: FALSE
A7: 6 | B7: smoralesca@gmail.com | C7: no best match found | D7: FALSE
A8: 7 | B8: smoralesca@gmail.com | C8: no best match found | D8: FALSE
A9: 8 | B9: menlage@gmail.com | C9: no best match found | D9: FALSE
A10: 9 | B10: belortondo@gmail.com | C10: no best match found | D10: FALSE
A11: 10 | B11: crosbar5@hotmail.com | C11: no best match found | D11: FALSE
A12: 11 | B12: crosbar5@hotmail.com | C12: no best match found | D12: FALSE
A13: 12 | B13: crosbar5@hotmail.com | C13: no best match found | D13: FALSE
... A214: 213 | B214: menlage@gmail.com | C214: no best match found | D214: FALSE
